<?xml version="1.0" encoding="UTF-8"?>
<project-private xmlns="http://www.netbeans.org/ns/project-private/1">
    <editor-bookmarks xmlns="http://www.netbeans.org/ns/editor-bookmarks/2" lastBookmarkId="0"/>
    <open-files xmlns="http://www.netbeans.org/ns/projectui-open-files/2">
        <group>
            <file>file:/Users/lijianxi/5100lab/li_jianxi_001824796/hw5/Assignment5_JC_RealFinal/src/Interface/BuyerMgt/buyerViewWineDetailPanel.java</file>
            <file>file:/Users/lijianxi/5100lab/li_jianxi_001824796/hw5/Assignment5_JC_RealFinal/src/Business/Person.java</file>
            <file>file:/Users/lijianxi/5100lab/li_jianxi_001824796/hw5/Assignment5_JC_RealFinal/src/Interface/BuyerMgt/returnPanel.java</file>
            <file>file:/Users/lijianxi/5100lab/li_jianxi_001824796/hw5/Assignment5_JC_RealFinal/src/Interface/BuyerMgt/differentAddressPanel.java</file>
            <file>file:/Users/lijianxi/5100lab/li_jianxi_001824796/hw5/Assignment5_JC_RealFinal/src/Interface/BuyerMgt/checkoutPanel.java</file>
            <file>file:/Users/lijianxi/5100lab/li_jianxi_001824796/hw5/Assignment5_JC_RealFinal/src/Business/ConfigureBusiness.java</file>
            <file>file:/Users/lijianxi/5100lab/li_jianxi_001824796/hw5/Assignment5_JC_RealFinal/src/Interface/mainJFrame.java</file>
            <file>file:/Users/lijianxi/5100lab/li_jianxi_001824796/hw5/Assignment5_JC_RealFinal/src/Interface/BuyerMgt/differentPaymentPanel.java</file>
        </group>
    </open-files>
</project-private>
